{
  "model_name": "babylm/babyllama-100m-2024",
  "dataset_size": 6700,
  "overall_accuracy": 0.7592537313432836,
  "per_term_accuracy": {
    "anaphor_agreement": 0.975,
    "determiner_noun_agreement": 0.92375,
    "irregular_forms": 0.895,
    "ellipsis": 0.835,
    "subject_verb_agreement": 0.825,
    "control_raising": 0.768,
    "argument_structure": 0.7644444444444445,
    "filler_gap_dependency": 0.7485714285714286,
    "binding": 0.7371428571428571,
    "quantifiers": 0.72,
    "npi_licensing": 0.68,
    "island_effects": 0.545
  }
}